id,title,first_name,last_name,email,position,status
1,Mrs,Lorin,Eatttok,leatttok0@google.cn,Account Executive,Interview
2,Mr,Misti,Fanshaw,mfanshaw1@dmoz.org,Graphic Designer,Hire
3,Ms,Lonny,Hazelden,lhazelden2@sbwire.com,Electrical Engineer,Interview
4,Dr,Emile,Caldecot,ecaldecot3@parallels.com,Desktop Support Technician,Reject
5,Honorable,Eden,Geraldini,egeraldini4@google.fr,Geological Engineer,Interview
6,Honorable,Marabel,Barmadier,mbarmadier5@liveinternet.ru,Social Worker,Hire
7,Honorable,Pietra,Paish,ppaish6@uiuc.edu,Assistant Media Planner,Interview
8,Mrs,Malena,Biggen,mbiggen7@businesswire.com,Geologist IV,Hire
9,Mrs,Merwyn,Lethlay,mlethlay8@friendfeed.com,Food Chemist,Reject
10,Rev,Karyl,Pessler,kpessler9@flavors.me,Recruiter,Hire
11,Ms,Judie,Tothacot,jtothacota@mediafire.com,Cost Accountant,Interview
12,,Mollie,Pettet,mpettetb@guardian.co.uk,Senior Editor,Interview
13,Mr,Eudora,Shearmer,eshearmercopensource.org,VP Sales,Interview
14,Mrs,Lor1e,Skilton,lskiltond@dion.ne.jp,VP Sales,Hire
15,Mrs,J@kob,Knyvett,jknyvette@vistaprint.com,Electrical Engineer,Reject
16,,Joey,P0pe,jpopef@google.fr,Physical Therapy Assistant,Interview
17,Rev,Malory,Bernaldo,mbernaldog@cnet.com,Actuary,Reject
18,,Alonso,Summerside,asummersideh@uol.com.br,Financial Advisor,Interview
19,,Perry,Goslin,pgoslini@fastcompany.com,Financial Advisor,Interview
20,Honorable,Jana,Eccersley,jeccersleyj@newsvine.com,Structural Engineer,Interview
21,Ms,Persis,Corrin,pcorrink@accuweather.com,Nurse,Reject
22,Ms,Brewster,Abendroth,babendrothl@opensource.org,Senior Financial Analyst,Reject
23,Dr,Pammy,Klamp,pklampm@theglobeandmail.com,Business Systems Development Analyst,Interview
24,Dr,Arda,Burton,aburtonn@yolasite.com,Occupational Therapist,Hire
  25  ,   Dr    ,   Inga  , Papis       ,		ipapiso@nature.com   ,   Assistant Media Planner  ,   Hire   
